case_id,test,power,effect_size,sig_level,alternative,sampling,extraction,n_base,n_with_design_effect,n_final_with_fpc,design_effect,status
1,single-sample,0.6,0.2,0.05,two.sided,simple,with-replacement,123,123,123,1,success
2,single-sample,0.6,0.2,0.05,two.sided,simple,without-replacement,123,123,110,1,success
3,single-sample,0.6,0.2,0.05,two.sided,stratified,with-replacement,123,99,99,0.8,success
4,single-sample,0.6,0.2,0.05,two.sided,stratified,without-replacement,123,99,91,0.8,success
5,single-sample,0.6,0.2,0.05,two.sided,cluster,with-replacement,123,271,271,2.2,success
6,single-sample,0.6,0.2,0.05,two.sided,cluster,without-replacement,123,271,214,2.2,success
7,single-sample,0.6,0.2,0.05,two.sided,systematic,with-replacement,123,123,123,1,success
8,single-sample,0.6,0.2,0.05,two.sided,systematic,without-replacement,123,123,110,1,success
9,single-sample,0.6,0.2,0.05,greater,simple,with-replacement,91,91,91,1,success
10,single-sample,0.6,0.2,0.05,greater,simple,without-replacement,91,91,84,1,success
11,single-sample,0.6,0.2,0.05,greater,stratified,with-replacement,91,73,73,0.8,success
12,single-sample,0.6,0.2,0.05,greater,stratified,without-replacement,91,73,69,0.8,success
13,single-sample,0.6,0.2,0.05,greater,cluster,with-replacement,91,201,201,2.2,success
14,single-sample,0.6,0.2,0.05,greater,cluster,without-replacement,91,201,168,2.2,success
15,single-sample,0.6,0.2,0.05,greater,systematic,with-replacement,91,91,91,1,success
16,single-sample,0.6,0.2,0.05,greater,systematic,without-replacement,91,91,84,1,success
17,single-sample,0.6,0.2,0.01,two.sided,simple,with-replacement,201,201,201,1,success
18,single-sample,0.6,0.2,0.01,two.sided,simple,without-replacement,201,201,168,1,success
19,single-sample,0.6,0.2,0.01,two.sided,stratified,with-replacement,201,161,161,0.8,success
20,single-sample,0.6,0.2,0.01,two.sided,stratified,without-replacement,201,161,139,0.8,success
21,single-sample,0.6,0.2,0.01,two.sided,cluster,with-replacement,201,443,443,2.2,success
22,single-sample,0.6,0.2,0.01,two.sided,cluster,without-replacement,201,443,307,2.2,success
23,single-sample,0.6,0.2,0.01,two.sided,systematic,with-replacement,201,201,201,1,success
24,single-sample,0.6,0.2,0.01,two.sided,systematic,without-replacement,201,201,168,1,success
25,single-sample,0.6,0.2,0.01,greater,simple,with-replacement,167,167,167,1,success
26,single-sample,0.6,0.2,0.01,greater,simple,without-replacement,167,167,144,1,success
27,single-sample,0.6,0.2,0.01,greater,stratified,with-replacement,167,134,134,0.8,success
28,single-sample,0.6,0.2,0.01,greater,stratified,without-replacement,167,134,119,0.8,success
29,single-sample,0.6,0.2,0.01,greater,cluster,with-replacement,167,368,368,2.2,success
30,single-sample,0.6,0.2,0.01,greater,cluster,without-replacement,167,368,270,2.2,success
31,single-sample,0.6,0.2,0.01,greater,systematic,with-replacement,167,167,167,1,success
32,single-sample,0.6,0.2,0.01,greater,systematic,without-replacement,167,167,144,1,success
33,single-sample,0.6,0.5,0.05,two.sided,simple,with-replacement,20,20,20,1,success
34,single-sample,0.6,0.5,0.05,two.sided,simple,without-replacement,20,20,20,1,success
35,single-sample,0.6,0.5,0.05,two.sided,stratified,with-replacement,20,16,16,0.8,success
36,single-sample,0.6,0.5,0.05,two.sided,stratified,without-replacement,20,16,16,0.8,success
37,single-sample,0.6,0.5,0.05,two.sided,cluster,with-replacement,20,44,44,2.2,success
38,single-sample,0.6,0.5,0.05,two.sided,cluster,without-replacement,20,44,43,2.2,success
39,single-sample,0.6,0.5,0.05,two.sided,systematic,with-replacement,20,20,20,1,success
40,single-sample,0.6,0.5,0.05,two.sided,systematic,without-replacement,20,20,20,1,success
41,single-sample,0.6,0.5,0.05,greater,simple,with-replacement,15,15,15,1,success
42,single-sample,0.6,0.5,0.05,greater,simple,without-replacement,15,15,15,1,success
43,single-sample,0.6,0.5,0.05,greater,stratified,with-replacement,15,12,12,0.8,success
44,single-sample,0.6,0.5,0.05,greater,stratified,without-replacement,15,12,12,0.8,success
45,single-sample,0.6,0.5,0.05,greater,cluster,with-replacement,15,33,33,2.2,success
46,single-sample,0.6,0.5,0.05,greater,cluster,without-replacement,15,33,32,2.2,success
47,single-sample,0.6,0.5,0.05,greater,systematic,with-replacement,15,15,15,1,success
48,single-sample,0.6,0.5,0.05,greater,systematic,without-replacement,15,15,15,1,success
49,single-sample,0.6,0.5,0.01,two.sided,simple,with-replacement,33,33,33,1,success
50,single-sample,0.6,0.5,0.01,two.sided,simple,without-replacement,33,33,32,1,success
51,single-sample,0.6,0.5,0.01,two.sided,stratified,with-replacement,33,27,27,0.8,success
52,single-sample,0.6,0.5,0.01,two.sided,stratified,without-replacement,33,27,27,0.8,success
53,single-sample,0.6,0.5,0.01,two.sided,cluster,with-replacement,33,73,73,2.2,success
54,single-sample,0.6,0.5,0.01,two.sided,cluster,without-replacement,33,73,69,2.2,success
55,single-sample,0.6,0.5,0.01,two.sided,systematic,with-replacement,33,33,33,1,success
56,single-sample,0.6,0.5,0.01,two.sided,systematic,without-replacement,33,33,32,1,success
57,single-sample,0.6,0.5,0.01,greater,simple,with-replacement,27,27,27,1,success
58,single-sample,0.6,0.5,0.01,greater,simple,without-replacement,27,27,27,1,success
59,single-sample,0.6,0.5,0.01,greater,stratified,with-replacement,27,22,22,0.8,success
60,single-sample,0.6,0.5,0.01,greater,stratified,without-replacement,27,22,22,0.8,success
61,single-sample,0.6,0.5,0.01,greater,cluster,with-replacement,27,60,60,2.2,success
62,single-sample,0.6,0.5,0.01,greater,cluster,without-replacement,27,60,57,2.2,success
63,single-sample,0.6,0.5,0.01,greater,systematic,with-replacement,27,27,27,1,success
64,single-sample,0.6,0.5,0.01,greater,systematic,without-replacement,27,27,27,1,success
65,single-sample,0.6,0.8,0.05,two.sided,simple,with-replacement,8,8,8,1,success
66,single-sample,0.6,0.8,0.05,two.sided,simple,without-replacement,8,8,8,1,success
67,single-sample,0.6,0.8,0.05,two.sided,stratified,with-replacement,8,7,7,0.8,success
68,single-sample,0.6,0.8,0.05,two.sided,stratified,without-replacement,8,7,7,0.8,success
69,single-sample,0.6,0.8,0.05,two.sided,cluster,with-replacement,8,18,18,2.2,success
70,single-sample,0.6,0.8,0.05,two.sided,cluster,without-replacement,8,18,18,2.2,success
71,single-sample,0.6,0.8,0.05,two.sided,systematic,with-replacement,8,8,8,1,success
72,single-sample,0.6,0.8,0.05,two.sided,systematic,without-replacement,8,8,8,1,success
73,single-sample,0.6,0.8,0.05,greater,simple,with-replacement,6,6,6,1,success
74,single-sample,0.6,0.8,0.05,greater,simple,without-replacement,6,6,6,1,success
75,single-sample,0.6,0.8,0.05,greater,stratified,with-replacement,6,5,5,0.8,success
76,single-sample,0.6,0.8,0.05,greater,stratified,without-replacement,6,5,5,0.8,success
77,single-sample,0.6,0.8,0.05,greater,cluster,with-replacement,6,14,14,2.2,success
78,single-sample,0.6,0.8,0.05,greater,cluster,without-replacement,6,14,14,2.2,success
79,single-sample,0.6,0.8,0.05,greater,systematic,with-replacement,6,6,6,1,success
80,single-sample,0.6,0.8,0.05,greater,systematic,without-replacement,6,6,6,1,success
81,single-sample,0.6,0.8,0.01,two.sided,simple,with-replacement,13,13,13,1,success
82,single-sample,0.6,0.8,0.01,two.sided,simple,without-replacement,13,13,13,1,success
83,single-sample,0.6,0.8,0.01,two.sided,stratified,with-replacement,13,11,11,0.8,success
84,single-sample,0.6,0.8,0.01,two.sided,stratified,without-replacement,13,11,11,0.8,success
85,single-sample,0.6,0.8,0.01,two.sided,cluster,with-replacement,13,29,29,2.2,success
86,single-sample,0.6,0.8,0.01,two.sided,cluster,without-replacement,13,29,29,2.2,success
87,single-sample,0.6,0.8,0.01,two.sided,systematic,with-replacement,13,13,13,1,success
88,single-sample,0.6,0.8,0.01,two.sided,systematic,without-replacement,13,13,13,1,success
89,single-sample,0.6,0.8,0.01,greater,simple,with-replacement,11,11,11,1,success
90,single-sample,0.6,0.8,0.01,greater,simple,without-replacement,11,11,11,1,success
91,single-sample,0.6,0.8,0.01,greater,stratified,with-replacement,11,9,9,0.8,success
92,single-sample,0.6,0.8,0.01,greater,stratified,without-replacement,11,9,9,0.8,success
93,single-sample,0.6,0.8,0.01,greater,cluster,with-replacement,11,25,25,2.2,success
94,single-sample,0.6,0.8,0.01,greater,cluster,without-replacement,11,25,25,2.2,success
95,single-sample,0.6,0.8,0.01,greater,systematic,with-replacement,11,11,11,1,success
96,single-sample,0.6,0.8,0.01,greater,systematic,without-replacement,11,11,11,1,success
97,single-sample,0.7,0.2,0.05,two.sided,simple,with-replacement,155,155,155,1,success
98,single-sample,0.7,0.2,0.05,two.sided,simple,without-replacement,155,155,135,1,success
99,single-sample,0.7,0.2,0.05,two.sided,stratified,with-replacement,155,124,124,0.8,success
100,single-sample,0.7,0.2,0.05,two.sided,stratified,without-replacement,155,124,111,0.8,success
101,single-sample,0.7,0.2,0.05,two.sided,cluster,with-replacement,155,341,341,2.2,success
102,single-sample,0.7,0.2,0.05,two.sided,cluster,without-replacement,155,341,255,2.2,success
103,single-sample,0.7,0.2,0.05,two.sided,systematic,with-replacement,155,155,155,1,success
104,single-sample,0.7,0.2,0.05,two.sided,systematic,without-replacement,155,155,135,1,success
105,single-sample,0.7,0.2,0.05,greater,simple,with-replacement,118,118,118,1,success
106,single-sample,0.7,0.2,0.05,greater,simple,without-replacement,118,118,106,1,success
107,single-sample,0.7,0.2,0.05,greater,stratified,with-replacement,118,95,95,0.8,success
108,single-sample,0.7,0.2,0.05,greater,stratified,without-replacement,118,95,87,0.8,success
109,single-sample,0.7,0.2,0.05,greater,cluster,with-replacement,118,260,260,2.2,success
110,single-sample,0.7,0.2,0.05,greater,cluster,without-replacement,118,260,207,2.2,success
111,single-sample,0.7,0.2,0.05,greater,systematic,with-replacement,118,118,118,1,success
112,single-sample,0.7,0.2,0.05,greater,systematic,without-replacement,118,118,106,1,success
113,single-sample,0.7,0.2,0.01,two.sided,simple,with-replacement,241,241,241,1,success
114,single-sample,0.7,0.2,0.01,two.sided,simple,without-replacement,241,241,195,1,success
115,single-sample,0.7,0.2,0.01,two.sided,stratified,with-replacement,241,193,193,0.8,success
116,single-sample,0.7,0.2,0.01,two.sided,stratified,without-replacement,241,193,162,0.8,success
117,single-sample,0.7,0.2,0.01,two.sided,cluster,with-replacement,241,531,531,2.2,success
118,single-sample,0.7,0.2,0.01,two.sided,cluster,without-replacement,241,531,347,2.2,success
119,single-sample,0.7,0.2,0.01,two.sided,systematic,with-replacement,241,241,241,1,success
120,single-sample,0.7,0.2,0.01,two.sided,systematic,without-replacement,241,241,195,1,success
121,single-sample,0.7,0.2,0.01,greater,simple,with-replacement,204,204,204,1,success
122,single-sample,0.7,0.2,0.01,greater,simple,without-replacement,204,204,170,1,success
123,single-sample,0.7,0.2,0.01,greater,stratified,with-replacement,204,164,164,0.8,success
124,single-sample,0.7,0.2,0.01,greater,stratified,without-replacement,204,164,141,0.8,success
125,single-sample,0.7,0.2,0.01,greater,cluster,with-replacement,204,449,449,2.2,success
126,single-sample,0.7,0.2,0.01,greater,cluster,without-replacement,204,449,310,2.2,success
127,single-sample,0.7,0.2,0.01,greater,systematic,with-replacement,204,204,204,1,success
128,single-sample,0.7,0.2,0.01,greater,systematic,without-replacement,204,204,170,1,success
129,single-sample,0.7,0.5,0.05,two.sided,simple,with-replacement,25,25,25,1,success
130,single-sample,0.7,0.5,0.05,two.sided,simple,without-replacement,25,25,25,1,success
131,single-sample,0.7,0.5,0.05,two.sided,stratified,with-replacement,25,20,20,0.8,success
132,single-sample,0.7,0.5,0.05,two.sided,stratified,without-replacement,25,20,20,0.8,success
133,single-sample,0.7,0.5,0.05,two.sided,cluster,with-replacement,25,56,56,2.2,success
134,single-sample,0.7,0.5,0.05,two.sided,cluster,without-replacement,25,56,54,2.2,success
135,single-sample,0.7,0.5,0.05,two.sided,systematic,with-replacement,25,25,25,1,success
136,single-sample,0.7,0.5,0.05,two.sided,systematic,without-replacement,25,25,25,1,success
137,single-sample,0.7,0.5,0.05,greater,simple,with-replacement,19,19,19,1,success
138,single-sample,0.7,0.5,0.05,greater,simple,without-replacement,19,19,19,1,success
139,single-sample,0.7,0.5,0.05,greater,stratified,with-replacement,19,16,16,0.8,success
140,single-sample,0.7,0.5,0.05,greater,stratified,without-replacement,19,16,16,0.8,success
141,single-sample,0.7,0.5,0.05,greater,cluster,with-replacement,19,42,42,2.2,success
142,single-sample,0.7,0.5,0.05,greater,cluster,without-replacement,19,42,41,2.2,success
143,single-sample,0.7,0.5,0.05,greater,systematic,with-replacement,19,19,19,1,success
144,single-sample,0.7,0.5,0.05,greater,systematic,without-replacement,19,19,19,1,success
145,single-sample,0.7,0.5,0.01,two.sided,simple,with-replacement,39,39,39,1,success
146,single-sample,0.7,0.5,0.01,two.sided,simple,without-replacement,39,39,38,1,success
147,single-sample,0.7,0.5,0.01,two.sided,stratified,with-replacement,39,32,32,0.8,success
148,single-sample,0.7,0.5,0.01,two.sided,stratified,without-replacement,39,32,32,0.8,success
149,single-sample,0.7,0.5,0.01,two.sided,cluster,with-replacement,39,86,86,2.2,success
150,single-sample,0.7,0.5,0.01,two.sided,cluster,without-replacement,39,86,80,2.2,success
151,single-sample,0.7,0.5,0.01,two.sided,systematic,with-replacement,39,39,39,1,success
152,single-sample,0.7,0.5,0.01,two.sided,systematic,without-replacement,39,39,38,1,success
153,single-sample,0.7,0.5,0.01,greater,simple,with-replacement,33,33,33,1,success
154,single-sample,0.7,0.5,0.01,greater,simple,without-replacement,33,33,32,1,success
155,single-sample,0.7,0.5,0.01,greater,stratified,with-replacement,33,27,27,0.8,success
156,single-sample,0.7,0.5,0.01,greater,stratified,without-replacement,33,27,27,0.8,success
157,single-sample,0.7,0.5,0.01,greater,cluster,with-replacement,33,73,73,2.2,success
158,single-sample,0.7,0.5,0.01,greater,cluster,without-replacement,33,73,69,2.2,success
159,single-sample,0.7,0.5,0.01,greater,systematic,with-replacement,33,33,33,1,success
160,single-sample,0.7,0.5,0.01,greater,systematic,without-replacement,33,33,32,1,success
161,single-sample,0.7,0.8,0.05,two.sided,simple,with-replacement,10,10,10,1,success
162,single-sample,0.7,0.8,0.05,two.sided,simple,without-replacement,10,10,10,1,success
163,single-sample,0.7,0.8,0.05,two.sided,stratified,with-replacement,10,8,8,0.8,success
164,single-sample,0.7,0.8,0.05,two.sided,stratified,without-replacement,10,8,8,0.8,success
165,single-sample,0.7,0.8,0.05,two.sided,cluster,with-replacement,10,22,22,2.2,success
166,single-sample,0.7,0.8,0.05,two.sided,cluster,without-replacement,10,22,22,2.2,success
167,single-sample,0.7,0.8,0.05,two.sided,systematic,with-replacement,10,10,10,1,success
168,single-sample,0.7,0.8,0.05,two.sided,systematic,without-replacement,10,10,10,1,success
169,single-sample,0.7,0.8,0.05,greater,simple,with-replacement,8,8,8,1,success
170,single-sample,0.7,0.8,0.05,greater,simple,without-replacement,8,8,8,1,success
171,single-sample,0.7,0.8,0.05,greater,stratified,with-replacement,8,7,7,0.8,success
172,single-sample,0.7,0.8,0.05,greater,stratified,without-replacement,8,7,7,0.8,success
173,single-sample,0.7,0.8,0.05,greater,cluster,with-replacement,8,18,18,2.2,success
174,single-sample,0.7,0.8,0.05,greater,cluster,without-replacement,8,18,18,2.2,success
175,single-sample,0.7,0.8,0.05,greater,systematic,with-replacement,8,8,8,1,success
176,single-sample,0.7,0.8,0.05,greater,systematic,without-replacement,8,8,8,1,success
177,single-sample,0.7,0.8,0.01,two.sided,simple,with-replacement,16,16,16,1,success
178,single-sample,0.7,0.8,0.01,two.sided,simple,without-replacement,16,16,16,1,success
179,single-sample,0.7,0.8,0.01,two.sided,stratified,with-replacement,16,13,13,0.8,success
180,single-sample,0.7,0.8,0.01,two.sided,stratified,without-replacement,16,13,13,0.8,success
181,single-sample,0.7,0.8,0.01,two.sided,cluster,with-replacement,16,36,36,2.2,success
182,single-sample,0.7,0.8,0.01,two.sided,cluster,without-replacement,16,36,35,2.2,success
183,single-sample,0.7,0.8,0.01,two.sided,systematic,with-replacement,16,16,16,1,success
184,single-sample,0.7,0.8,0.01,two.sided,systematic,without-replacement,16,16,16,1,success
185,single-sample,0.7,0.8,0.01,greater,simple,with-replacement,13,13,13,1,success
186,single-sample,0.7,0.8,0.01,greater,simple,without-replacement,13,13,13,1,success
187,single-sample,0.7,0.8,0.01,greater,stratified,with-replacement,13,11,11,0.8,success
188,single-sample,0.7,0.8,0.01,greater,stratified,without-replacement,13,11,11,0.8,success
189,single-sample,0.7,0.8,0.01,greater,cluster,with-replacement,13,29,29,2.2,success
190,single-sample,0.7,0.8,0.01,greater,cluster,without-replacement,13,29,29,2.2,success
191,single-sample,0.7,0.8,0.01,greater,systematic,with-replacement,13,13,13,1,success
192,single-sample,0.7,0.8,0.01,greater,systematic,without-replacement,13,13,13,1,success
193,single-sample,0.8,0.2,0.05,two.sided,simple,with-replacement,197,197,197,1,success
194,single-sample,0.8,0.2,0.05,two.sided,simple,without-replacement,197,197,165,1,success
195,single-sample,0.8,0.2,0.05,two.sided,stratified,with-replacement,197,158,158,0.8,success
196,single-sample,0.8,0.2,0.05,two.sided,stratified,without-replacement,197,158,137,0.8,success
197,single-sample,0.8,0.2,0.05,two.sided,cluster,with-replacement,197,434,434,2.2,success
198,single-sample,0.8,0.2,0.05,two.sided,cluster,without-replacement,197,434,303,2.2,success
199,single-sample,0.8,0.2,0.05,two.sided,systematic,with-replacement,197,197,197,1,success
200,single-sample,0.8,0.2,0.05,two.sided,systematic,without-replacement,197,197,165,1,success
201,single-sample,0.8,0.2,0.05,greater,simple,with-replacement,155,155,155,1,success
202,single-sample,0.8,0.2,0.05,greater,simple,without-replacement,155,155,135,1,success
203,single-sample,0.8,0.2,0.05,greater,stratified,with-replacement,155,124,124,0.8,success
204,single-sample,0.8,0.2,0.05,greater,stratified,without-replacement,155,124,111,0.8,success
205,single-sample,0.8,0.2,0.05,greater,cluster,with-replacement,155,341,341,2.2,success
206,single-sample,0.8,0.2,0.05,greater,cluster,without-replacement,155,341,255,2.2,success
207,single-sample,0.8,0.2,0.05,greater,systematic,with-replacement,155,155,155,1,success
208,single-sample,0.8,0.2,0.05,greater,systematic,without-replacement,155,155,135,1,success
209,single-sample,0.8,0.2,0.01,two.sided,simple,with-replacement,292,292,292,1,success
210,single-sample,0.8,0.2,0.01,two.sided,simple,without-replacement,292,292,227,1,success
211,single-sample,0.8,0.2,0.01,two.sided,stratified,with-replacement,292,234,234,0.8,success
212,single-sample,0.8,0.2,0.01,two.sided,stratified,without-replacement,292,234,190,0.8,success
213,single-sample,0.8,0.2,0.01,two.sided,cluster,with-replacement,292,643,643,2.2,success
214,single-sample,0.8,0.2,0.01,two.sided,cluster,without-replacement,292,643,392,2.2,success
215,single-sample,0.8,0.2,0.01,two.sided,systematic,with-replacement,292,292,292,1,success
216,single-sample,0.8,0.2,0.01,two.sided,systematic,without-replacement,292,292,227,1,success
217,single-sample,0.8,0.2,0.01,greater,simple,with-replacement,251,251,251,1,success
218,single-sample,0.8,0.2,0.01,greater,simple,without-replacement,251,251,201,1,success
219,single-sample,0.8,0.2,0.01,greater,stratified,with-replacement,251,201,201,0.8,success
220,single-sample,0.8,0.2,0.01,greater,stratified,without-replacement,251,201,168,0.8,success
221,single-sample,0.8,0.2,0.01,greater,cluster,with-replacement,251,553,553,2.2,success
222,single-sample,0.8,0.2,0.01,greater,cluster,without-replacement,251,553,357,2.2,success
223,single-sample,0.8,0.2,0.01,greater,systematic,with-replacement,251,251,251,1,success
224,single-sample,0.8,0.2,0.01,greater,systematic,without-replacement,251,251,201,1,success
225,single-sample,0.8,0.5,0.05,two.sided,simple,with-replacement,32,32,32,1,success
226,single-sample,0.8,0.5,0.05,two.sided,simple,without-replacement,32,32,32,1,success
227,single-sample,0.8,0.5,0.05,two.sided,stratified,with-replacement,32,26,26,0.8,success
228,single-sample,0.8,0.5,0.05,two.sided,stratified,without-replacement,32,26,26,0.8,success
229,single-sample,0.8,0.5,0.05,two.sided,cluster,with-replacement,32,71,71,2.2,success
230,single-sample,0.8,0.5,0.05,two.sided,cluster,without-replacement,32,71,67,2.2,success
231,single-sample,0.8,0.5,0.05,two.sided,systematic,with-replacement,32,32,32,1,success
232,single-sample,0.8,0.5,0.05,two.sided,systematic,without-replacement,32,32,32,1,success
233,single-sample,0.8,0.5,0.05,greater,simple,with-replacement,25,25,25,1,success
234,single-sample,0.8,0.5,0.05,greater,simple,without-replacement,25,25,25,1,success
235,single-sample,0.8,0.5,0.05,greater,stratified,with-replacement,25,20,20,0.8,success
236,single-sample,0.8,0.5,0.05,greater,stratified,without-replacement,25,20,20,0.8,success
237,single-sample,0.8,0.5,0.05,greater,cluster,with-replacement,25,56,56,2.2,success
238,single-sample,0.8,0.5,0.05,greater,cluster,without-replacement,25,56,54,2.2,success
239,single-sample,0.8,0.5,0.05,greater,systematic,with-replacement,25,25,25,1,success
240,single-sample,0.8,0.5,0.05,greater,systematic,without-replacement,25,25,25,1,success
241,single-sample,0.8,0.5,0.01,two.sided,simple,with-replacement,47,47,47,1,success
242,single-sample,0.8,0.5,0.01,two.sided,simple,without-replacement,47,47,45,1,success
243,single-sample,0.8,0.5,0.01,two.sided,stratified,with-replacement,47,38,38,0.8,success
244,single-sample,0.8,0.5,0.01,two.sided,stratified,without-replacement,47,38,37,0.8,success
245,single-sample,0.8,0.5,0.01,two.sided,cluster,with-replacement,47,104,104,2.2,success
246,single-sample,0.8,0.5,0.01,two.sided,cluster,without-replacement,47,104,95,2.2,success
247,single-sample,0.8,0.5,0.01,two.sided,systematic,with-replacement,47,47,47,1,success
248,single-sample,0.8,0.5,0.01,two.sided,systematic,without-replacement,47,47,45,1,success
249,single-sample,0.8,0.5,0.01,greater,simple,with-replacement,41,41,41,1,success
250,single-sample,0.8,0.5,0.01,greater,simple,without-replacement,41,41,40,1,success
251,single-sample,0.8,0.5,0.01,greater,stratified,with-replacement,41,33,33,0.8,success
252,single-sample,0.8,0.5,0.01,greater,stratified,without-replacement,41,33,32,0.8,success
253,single-sample,0.8,0.5,0.01,greater,cluster,with-replacement,41,91,91,2.2,success
254,single-sample,0.8,0.5,0.01,greater,cluster,without-replacement,41,91,84,2.2,success
255,single-sample,0.8,0.5,0.01,greater,systematic,with-replacement,41,41,41,1,success
256,single-sample,0.8,0.5,0.01,greater,systematic,without-replacement,41,41,40,1,success
257,single-sample,0.8,0.8,0.05,two.sided,simple,with-replacement,13,13,13,1,success
258,single-sample,0.8,0.8,0.05,two.sided,simple,without-replacement,13,13,13,1,success
259,single-sample,0.8,0.8,0.05,two.sided,stratified,with-replacement,13,11,11,0.8,success
260,single-sample,0.8,0.8,0.05,two.sided,stratified,without-replacement,13,11,11,0.8,success
261,single-sample,0.8,0.8,0.05,two.sided,cluster,with-replacement,13,29,29,2.2,success
262,single-sample,0.8,0.8,0.05,two.sided,cluster,without-replacement,13,29,29,2.2,success
263,single-sample,0.8,0.8,0.05,two.sided,systematic,with-replacement,13,13,13,1,success
264,single-sample,0.8,0.8,0.05,two.sided,systematic,without-replacement,13,13,13,1,success
265,single-sample,0.8,0.8,0.05,greater,simple,with-replacement,10,10,10,1,success
266,single-sample,0.8,0.8,0.05,greater,simple,without-replacement,10,10,10,1,success
267,single-sample,0.8,0.8,0.05,greater,stratified,with-replacement,10,8,8,0.8,success
268,single-sample,0.8,0.8,0.05,greater,stratified,without-replacement,10,8,8,0.8,success
269,single-sample,0.8,0.8,0.05,greater,cluster,with-replacement,10,22,22,2.2,success
270,single-sample,0.8,0.8,0.05,greater,cluster,without-replacement,10,22,22,2.2,success
271,single-sample,0.8,0.8,0.05,greater,systematic,with-replacement,10,10,10,1,success
272,single-sample,0.8,0.8,0.05,greater,systematic,without-replacement,10,10,10,1,success
273,single-sample,0.8,0.8,0.01,two.sided,simple,with-replacement,19,19,19,1,success
274,single-sample,0.8,0.8,0.01,two.sided,simple,without-replacement,19,19,19,1,success
275,single-sample,0.8,0.8,0.01,two.sided,stratified,with-replacement,19,16,16,0.8,success
276,single-sample,0.8,0.8,0.01,two.sided,stratified,without-replacement,19,16,16,0.8,success
277,single-sample,0.8,0.8,0.01,two.sided,cluster,with-replacement,19,42,42,2.2,success
278,single-sample,0.8,0.8,0.01,two.sided,cluster,without-replacement,19,42,41,2.2,success
279,single-sample,0.8,0.8,0.01,two.sided,systematic,with-replacement,19,19,19,1,success
280,single-sample,0.8,0.8,0.01,two.sided,systematic,without-replacement,19,19,19,1,success
281,single-sample,0.8,0.8,0.01,greater,simple,with-replacement,16,16,16,1,success
282,single-sample,0.8,0.8,0.01,greater,simple,without-replacement,16,16,16,1,success
283,single-sample,0.8,0.8,0.01,greater,stratified,with-replacement,16,13,13,0.8,success
284,single-sample,0.8,0.8,0.01,greater,stratified,without-replacement,16,13,13,0.8,success
285,single-sample,0.8,0.8,0.01,greater,cluster,with-replacement,16,36,36,2.2,success
286,single-sample,0.8,0.8,0.01,greater,cluster,without-replacement,16,36,35,2.2,success
287,single-sample,0.8,0.8,0.01,greater,systematic,with-replacement,16,16,16,1,success
288,single-sample,0.8,0.8,0.01,greater,systematic,without-replacement,16,16,16,1,success
289,paired,0.6,0.2,0.05,two.sided,simple,with-replacement,123,123,123,1,success
290,paired,0.6,0.2,0.05,two.sided,simple,without-replacement,123,123,110,1,success
291,paired,0.6,0.2,0.05,two.sided,stratified,with-replacement,123,99,99,0.8,success
292,paired,0.6,0.2,0.05,two.sided,stratified,without-replacement,123,99,91,0.8,success
293,paired,0.6,0.2,0.05,two.sided,cluster,with-replacement,123,271,271,2.2,success
294,paired,0.6,0.2,0.05,two.sided,cluster,without-replacement,123,271,214,2.2,success
295,paired,0.6,0.2,0.05,two.sided,systematic,with-replacement,123,123,123,1,success
296,paired,0.6,0.2,0.05,two.sided,systematic,without-replacement,123,123,110,1,success
297,paired,0.6,0.2,0.05,greater,simple,with-replacement,91,91,91,1,success
298,paired,0.6,0.2,0.05,greater,simple,without-replacement,91,91,84,1,success
299,paired,0.6,0.2,0.05,greater,stratified,with-replacement,91,73,73,0.8,success
300,paired,0.6,0.2,0.05,greater,stratified,without-replacement,91,73,69,0.8,success
301,paired,0.6,0.2,0.05,greater,cluster,with-replacement,91,201,201,2.2,success
302,paired,0.6,0.2,0.05,greater,cluster,without-replacement,91,201,168,2.2,success
303,paired,0.6,0.2,0.05,greater,systematic,with-replacement,91,91,91,1,success
304,paired,0.6,0.2,0.05,greater,systematic,without-replacement,91,91,84,1,success
305,paired,0.6,0.2,0.01,two.sided,simple,with-replacement,201,201,201,1,success
306,paired,0.6,0.2,0.01,two.sided,simple,without-replacement,201,201,168,1,success
307,paired,0.6,0.2,0.01,two.sided,stratified,with-replacement,201,161,161,0.8,success
308,paired,0.6,0.2,0.01,two.sided,stratified,without-replacement,201,161,139,0.8,success
309,paired,0.6,0.2,0.01,two.sided,cluster,with-replacement,201,443,443,2.2,success
310,paired,0.6,0.2,0.01,two.sided,cluster,without-replacement,201,443,307,2.2,success
311,paired,0.6,0.2,0.01,two.sided,systematic,with-replacement,201,201,201,1,success
312,paired,0.6,0.2,0.01,two.sided,systematic,without-replacement,201,201,168,1,success
313,paired,0.6,0.2,0.01,greater,simple,with-replacement,167,167,167,1,success
314,paired,0.6,0.2,0.01,greater,simple,without-replacement,167,167,144,1,success
315,paired,0.6,0.2,0.01,greater,stratified,with-replacement,167,134,134,0.8,success
316,paired,0.6,0.2,0.01,greater,stratified,without-replacement,167,134,119,0.8,success
317,paired,0.6,0.2,0.01,greater,cluster,with-replacement,167,368,368,2.2,success
318,paired,0.6,0.2,0.01,greater,cluster,without-replacement,167,368,270,2.2,success
319,paired,0.6,0.2,0.01,greater,systematic,with-replacement,167,167,167,1,success
320,paired,0.6,0.2,0.01,greater,systematic,without-replacement,167,167,144,1,success
321,paired,0.6,0.5,0.05,two.sided,simple,with-replacement,20,20,20,1,success
322,paired,0.6,0.5,0.05,two.sided,simple,without-replacement,20,20,20,1,success
323,paired,0.6,0.5,0.05,two.sided,stratified,with-replacement,20,16,16,0.8,success
324,paired,0.6,0.5,0.05,two.sided,stratified,without-replacement,20,16,16,0.8,success
325,paired,0.6,0.5,0.05,two.sided,cluster,with-replacement,20,44,44,2.2,success
326,paired,0.6,0.5,0.05,two.sided,cluster,without-replacement,20,44,43,2.2,success
327,paired,0.6,0.5,0.05,two.sided,systematic,with-replacement,20,20,20,1,success
328,paired,0.6,0.5,0.05,two.sided,systematic,without-replacement,20,20,20,1,success
329,paired,0.6,0.5,0.05,greater,simple,with-replacement,15,15,15,1,success
330,paired,0.6,0.5,0.05,greater,simple,without-replacement,15,15,15,1,success
331,paired,0.6,0.5,0.05,greater,stratified,with-replacement,15,12,12,0.8,success
332,paired,0.6,0.5,0.05,greater,stratified,without-replacement,15,12,12,0.8,success
333,paired,0.6,0.5,0.05,greater,cluster,with-replacement,15,33,33,2.2,success
334,paired,0.6,0.5,0.05,greater,cluster,without-replacement,15,33,32,2.2,success
335,paired,0.6,0.5,0.05,greater,systematic,with-replacement,15,15,15,1,success
336,paired,0.6,0.5,0.05,greater,systematic,without-replacement,15,15,15,1,success
337,paired,0.6,0.5,0.01,two.sided,simple,with-replacement,33,33,33,1,success
338,paired,0.6,0.5,0.01,two.sided,simple,without-replacement,33,33,32,1,success
339,paired,0.6,0.5,0.01,two.sided,stratified,with-replacement,33,27,27,0.8,success
340,paired,0.6,0.5,0.01,two.sided,stratified,without-replacement,33,27,27,0.8,success
341,paired,0.6,0.5,0.01,two.sided,cluster,with-replacement,33,73,73,2.2,success
342,paired,0.6,0.5,0.01,two.sided,cluster,without-replacement,33,73,69,2.2,success
343,paired,0.6,0.5,0.01,two.sided,systematic,with-replacement,33,33,33,1,success
344,paired,0.6,0.5,0.01,two.sided,systematic,without-replacement,33,33,32,1,success
345,paired,0.6,0.5,0.01,greater,simple,with-replacement,27,27,27,1,success
346,paired,0.6,0.5,0.01,greater,simple,without-replacement,27,27,27,1,success
347,paired,0.6,0.5,0.01,greater,stratified,with-replacement,27,22,22,0.8,success
348,paired,0.6,0.5,0.01,greater,stratified,without-replacement,27,22,22,0.8,success
349,paired,0.6,0.5,0.01,greater,cluster,with-replacement,27,60,60,2.2,success
350,paired,0.6,0.5,0.01,greater,cluster,without-replacement,27,60,57,2.2,success
351,paired,0.6,0.5,0.01,greater,systematic,with-replacement,27,27,27,1,success
352,paired,0.6,0.5,0.01,greater,systematic,without-replacement,27,27,27,1,success
353,paired,0.6,0.8,0.05,two.sided,simple,with-replacement,8,8,8,1,success
354,paired,0.6,0.8,0.05,two.sided,simple,without-replacement,8,8,8,1,success
355,paired,0.6,0.8,0.05,two.sided,stratified,with-replacement,8,7,7,0.8,success
356,paired,0.6,0.8,0.05,two.sided,stratified,without-replacement,8,7,7,0.8,success
357,paired,0.6,0.8,0.05,two.sided,cluster,with-replacement,8,18,18,2.2,success
358,paired,0.6,0.8,0.05,two.sided,cluster,without-replacement,8,18,18,2.2,success
359,paired,0.6,0.8,0.05,two.sided,systematic,with-replacement,8,8,8,1,success
360,paired,0.6,0.8,0.05,two.sided,systematic,without-replacement,8,8,8,1,success
361,paired,0.6,0.8,0.05,greater,simple,with-replacement,6,6,6,1,success
362,paired,0.6,0.8,0.05,greater,simple,without-replacement,6,6,6,1,success
363,paired,0.6,0.8,0.05,greater,stratified,with-replacement,6,5,5,0.8,success
364,paired,0.6,0.8,0.05,greater,stratified,without-replacement,6,5,5,0.8,success
365,paired,0.6,0.8,0.05,greater,cluster,with-replacement,6,14,14,2.2,success
366,paired,0.6,0.8,0.05,greater,cluster,without-replacement,6,14,14,2.2,success
367,paired,0.6,0.8,0.05,greater,systematic,with-replacement,6,6,6,1,success
368,paired,0.6,0.8,0.05,greater,systematic,without-replacement,6,6,6,1,success
369,paired,0.6,0.8,0.01,two.sided,simple,with-replacement,13,13,13,1,success
370,paired,0.6,0.8,0.01,two.sided,simple,without-replacement,13,13,13,1,success
371,paired,0.6,0.8,0.01,two.sided,stratified,with-replacement,13,11,11,0.8,success
372,paired,0.6,0.8,0.01,two.sided,stratified,without-replacement,13,11,11,0.8,success
373,paired,0.6,0.8,0.01,two.sided,cluster,with-replacement,13,29,29,2.2,success
374,paired,0.6,0.8,0.01,two.sided,cluster,without-replacement,13,29,29,2.2,success
375,paired,0.6,0.8,0.01,two.sided,systematic,with-replacement,13,13,13,1,success
376,paired,0.6,0.8,0.01,two.sided,systematic,without-replacement,13,13,13,1,success
377,paired,0.6,0.8,0.01,greater,simple,with-replacement,11,11,11,1,success
378,paired,0.6,0.8,0.01,greater,simple,without-replacement,11,11,11,1,success
379,paired,0.6,0.8,0.01,greater,stratified,with-replacement,11,9,9,0.8,success
380,paired,0.6,0.8,0.01,greater,stratified,without-replacement,11,9,9,0.8,success
381,paired,0.6,0.8,0.01,greater,cluster,with-replacement,11,25,25,2.2,success
382,paired,0.6,0.8,0.01,greater,cluster,without-replacement,11,25,25,2.2,success
383,paired,0.6,0.8,0.01,greater,systematic,with-replacement,11,11,11,1,success
384,paired,0.6,0.8,0.01,greater,systematic,without-replacement,11,11,11,1,success
385,paired,0.7,0.2,0.05,two.sided,simple,with-replacement,155,155,155,1,success
386,paired,0.7,0.2,0.05,two.sided,simple,without-replacement,155,155,135,1,success
387,paired,0.7,0.2,0.05,two.sided,stratified,with-replacement,155,124,124,0.8,success
388,paired,0.7,0.2,0.05,two.sided,stratified,without-replacement,155,124,111,0.8,success
389,paired,0.7,0.2,0.05,two.sided,cluster,with-replacement,155,341,341,2.2,success
390,paired,0.7,0.2,0.05,two.sided,cluster,without-replacement,155,341,255,2.2,success
391,paired,0.7,0.2,0.05,two.sided,systematic,with-replacement,155,155,155,1,success
392,paired,0.7,0.2,0.05,two.sided,systematic,without-replacement,155,155,135,1,success
393,paired,0.7,0.2,0.05,greater,simple,with-replacement,118,118,118,1,success
394,paired,0.7,0.2,0.05,greater,simple,without-replacement,118,118,106,1,success
395,paired,0.7,0.2,0.05,greater,stratified,with-replacement,118,95,95,0.8,success
396,paired,0.7,0.2,0.05,greater,stratified,without-replacement,118,95,87,0.8,success
397,paired,0.7,0.2,0.05,greater,cluster,with-replacement,118,260,260,2.2,success
398,paired,0.7,0.2,0.05,greater,cluster,without-replacement,118,260,207,2.2,success
399,paired,0.7,0.2,0.05,greater,systematic,with-replacement,118,118,118,1,success
400,paired,0.7,0.2,0.05,greater,systematic,without-replacement,118,118,106,1,success
401,paired,0.7,0.2,0.01,two.sided,simple,with-replacement,241,241,241,1,success
402,paired,0.7,0.2,0.01,two.sided,simple,without-replacement,241,241,195,1,success
403,paired,0.7,0.2,0.01,two.sided,stratified,with-replacement,241,193,193,0.8,success
404,paired,0.7,0.2,0.01,two.sided,stratified,without-replacement,241,193,162,0.8,success
405,paired,0.7,0.2,0.01,two.sided,cluster,with-replacement,241,531,531,2.2,success
406,paired,0.7,0.2,0.01,two.sided,cluster,without-replacement,241,531,347,2.2,success
407,paired,0.7,0.2,0.01,two.sided,systematic,with-replacement,241,241,241,1,success
408,paired,0.7,0.2,0.01,two.sided,systematic,without-replacement,241,241,195,1,success
409,paired,0.7,0.2,0.01,greater,simple,with-replacement,204,204,204,1,success
410,paired,0.7,0.2,0.01,greater,simple,without-replacement,204,204,170,1,success
411,paired,0.7,0.2,0.01,greater,stratified,with-replacement,204,164,164,0.8,success
412,paired,0.7,0.2,0.01,greater,stratified,without-replacement,204,164,141,0.8,success
413,paired,0.7,0.2,0.01,greater,cluster,with-replacement,204,449,449,2.2,success
414,paired,0.7,0.2,0.01,greater,cluster,without-replacement,204,449,310,2.2,success
415,paired,0.7,0.2,0.01,greater,systematic,with-replacement,204,204,204,1,success
416,paired,0.7,0.2,0.01,greater,systematic,without-replacement,204,204,170,1,success
417,paired,0.7,0.5,0.05,two.sided,simple,with-replacement,25,25,25,1,success
418,paired,0.7,0.5,0.05,two.sided,simple,without-replacement,25,25,25,1,success
419,paired,0.7,0.5,0.05,two.sided,stratified,with-replacement,25,20,20,0.8,success
420,paired,0.7,0.5,0.05,two.sided,stratified,without-replacement,25,20,20,0.8,success
421,paired,0.7,0.5,0.05,two.sided,cluster,with-replacement,25,56,56,2.2,success
422,paired,0.7,0.5,0.05,two.sided,cluster,without-replacement,25,56,54,2.2,success
423,paired,0.7,0.5,0.05,two.sided,systematic,with-replacement,25,25,25,1,success
424,paired,0.7,0.5,0.05,two.sided,systematic,without-replacement,25,25,25,1,success
425,paired,0.7,0.5,0.05,greater,simple,with-replacement,19,19,19,1,success
426,paired,0.7,0.5,0.05,greater,simple,without-replacement,19,19,19,1,success
427,paired,0.7,0.5,0.05,greater,stratified,with-replacement,19,16,16,0.8,success
428,paired,0.7,0.5,0.05,greater,stratified,without-replacement,19,16,16,0.8,success
429,paired,0.7,0.5,0.05,greater,cluster,with-replacement,19,42,42,2.2,success
430,paired,0.7,0.5,0.05,greater,cluster,without-replacement,19,42,41,2.2,success
431,paired,0.7,0.5,0.05,greater,systematic,with-replacement,19,19,19,1,success
432,paired,0.7,0.5,0.05,greater,systematic,without-replacement,19,19,19,1,success
433,paired,0.7,0.5,0.01,two.sided,simple,with-replacement,39,39,39,1,success
434,paired,0.7,0.5,0.01,two.sided,simple,without-replacement,39,39,38,1,success
435,paired,0.7,0.5,0.01,two.sided,stratified,with-replacement,39,32,32,0.8,success
436,paired,0.7,0.5,0.01,two.sided,stratified,without-replacement,39,32,32,0.8,success
437,paired,0.7,0.5,0.01,two.sided,cluster,with-replacement,39,86,86,2.2,success
438,paired,0.7,0.5,0.01,two.sided,cluster,without-replacement,39,86,80,2.2,success
439,paired,0.7,0.5,0.01,two.sided,systematic,with-replacement,39,39,39,1,success
440,paired,0.7,0.5,0.01,two.sided,systematic,without-replacement,39,39,38,1,success
441,paired,0.7,0.5,0.01,greater,simple,with-replacement,33,33,33,1,success
442,paired,0.7,0.5,0.01,greater,simple,without-replacement,33,33,32,1,success
443,paired,0.7,0.5,0.01,greater,stratified,with-replacement,33,27,27,0.8,success
444,paired,0.7,0.5,0.01,greater,stratified,without-replacement,33,27,27,0.8,success
445,paired,0.7,0.5,0.01,greater,cluster,with-replacement,33,73,73,2.2,success
446,paired,0.7,0.5,0.01,greater,cluster,without-replacement,33,73,69,2.2,success
447,paired,0.7,0.5,0.01,greater,systematic,with-replacement,33,33,33,1,success
448,paired,0.7,0.5,0.01,greater,systematic,without-replacement,33,33,32,1,success
449,paired,0.7,0.8,0.05,two.sided,simple,with-replacement,10,10,10,1,success
450,paired,0.7,0.8,0.05,two.sided,simple,without-replacement,10,10,10,1,success
451,paired,0.7,0.8,0.05,two.sided,stratified,with-replacement,10,8,8,0.8,success
452,paired,0.7,0.8,0.05,two.sided,stratified,without-replacement,10,8,8,0.8,success
453,paired,0.7,0.8,0.05,two.sided,cluster,with-replacement,10,22,22,2.2,success
454,paired,0.7,0.8,0.05,two.sided,cluster,without-replacement,10,22,22,2.2,success
455,paired,0.7,0.8,0.05,two.sided,systematic,with-replacement,10,10,10,1,success
456,paired,0.7,0.8,0.05,two.sided,systematic,without-replacement,10,10,10,1,success
457,paired,0.7,0.8,0.05,greater,simple,with-replacement,8,8,8,1,success
458,paired,0.7,0.8,0.05,greater,simple,without-replacement,8,8,8,1,success
459,paired,0.7,0.8,0.05,greater,stratified,with-replacement,8,7,7,0.8,success
460,paired,0.7,0.8,0.05,greater,stratified,without-replacement,8,7,7,0.8,success
461,paired,0.7,0.8,0.05,greater,cluster,with-replacement,8,18,18,2.2,success
462,paired,0.7,0.8,0.05,greater,cluster,without-replacement,8,18,18,2.2,success
463,paired,0.7,0.8,0.05,greater,systematic,with-replacement,8,8,8,1,success
464,paired,0.7,0.8,0.05,greater,systematic,without-replacement,8,8,8,1,success
465,paired,0.7,0.8,0.01,two.sided,simple,with-replacement,16,16,16,1,success
466,paired,0.7,0.8,0.01,two.sided,simple,without-replacement,16,16,16,1,success
467,paired,0.7,0.8,0.01,two.sided,stratified,with-replacement,16,13,13,0.8,success
468,paired,0.7,0.8,0.01,two.sided,stratified,without-replacement,16,13,13,0.8,success
469,paired,0.7,0.8,0.01,two.sided,cluster,with-replacement,16,36,36,2.2,success
470,paired,0.7,0.8,0.01,two.sided,cluster,without-replacement,16,36,35,2.2,success
471,paired,0.7,0.8,0.01,two.sided,systematic,with-replacement,16,16,16,1,success
472,paired,0.7,0.8,0.01,two.sided,systematic,without-replacement,16,16,16,1,success
473,paired,0.7,0.8,0.01,greater,simple,with-replacement,13,13,13,1,success
474,paired,0.7,0.8,0.01,greater,simple,without-replacement,13,13,13,1,success
475,paired,0.7,0.8,0.01,greater,stratified,with-replacement,13,11,11,0.8,success
476,paired,0.7,0.8,0.01,greater,stratified,without-replacement,13,11,11,0.8,success
477,paired,0.7,0.8,0.01,greater,cluster,with-replacement,13,29,29,2.2,success
478,paired,0.7,0.8,0.01,greater,cluster,without-replacement,13,29,29,2.2,success
479,paired,0.7,0.8,0.01,greater,systematic,with-replacement,13,13,13,1,success
480,paired,0.7,0.8,0.01,greater,systematic,without-replacement,13,13,13,1,success
481,paired,0.8,0.2,0.05,two.sided,simple,with-replacement,197,197,197,1,success
482,paired,0.8,0.2,0.05,two.sided,simple,without-replacement,197,197,165,1,success
483,paired,0.8,0.2,0.05,two.sided,stratified,with-replacement,197,158,158,0.8,success
484,paired,0.8,0.2,0.05,two.sided,stratified,without-replacement,197,158,137,0.8,success
485,paired,0.8,0.2,0.05,two.sided,cluster,with-replacement,197,434,434,2.2,success
486,paired,0.8,0.2,0.05,two.sided,cluster,without-replacement,197,434,303,2.2,success
487,paired,0.8,0.2,0.05,two.sided,systematic,with-replacement,197,197,197,1,success
488,paired,0.8,0.2,0.05,two.sided,systematic,without-replacement,197,197,165,1,success
489,paired,0.8,0.2,0.05,greater,simple,with-replacement,155,155,155,1,success
490,paired,0.8,0.2,0.05,greater,simple,without-replacement,155,155,135,1,success
491,paired,0.8,0.2,0.05,greater,stratified,with-replacement,155,124,124,0.8,success
492,paired,0.8,0.2,0.05,greater,stratified,without-replacement,155,124,111,0.8,success
493,paired,0.8,0.2,0.05,greater,cluster,with-replacement,155,341,341,2.2,success
494,paired,0.8,0.2,0.05,greater,cluster,without-replacement,155,341,255,2.2,success
495,paired,0.8,0.2,0.05,greater,systematic,with-replacement,155,155,155,1,success
496,paired,0.8,0.2,0.05,greater,systematic,without-replacement,155,155,135,1,success
497,paired,0.8,0.2,0.01,two.sided,simple,with-replacement,292,292,292,1,success
498,paired,0.8,0.2,0.01,two.sided,simple,without-replacement,292,292,227,1,success
499,paired,0.8,0.2,0.01,two.sided,stratified,with-replacement,292,234,234,0.8,success
500,paired,0.8,0.2,0.01,two.sided,stratified,without-replacement,292,234,190,0.8,success
501,paired,0.8,0.2,0.01,two.sided,cluster,with-replacement,292,643,643,2.2,success
502,paired,0.8,0.2,0.01,two.sided,cluster,without-replacement,292,643,392,2.2,success
503,paired,0.8,0.2,0.01,two.sided,systematic,with-replacement,292,292,292,1,success
504,paired,0.8,0.2,0.01,two.sided,systematic,without-replacement,292,292,227,1,success
505,paired,0.8,0.2,0.01,greater,simple,with-replacement,251,251,251,1,success
506,paired,0.8,0.2,0.01,greater,simple,without-replacement,251,251,201,1,success
507,paired,0.8,0.2,0.01,greater,stratified,with-replacement,251,201,201,0.8,success
508,paired,0.8,0.2,0.01,greater,stratified,without-replacement,251,201,168,0.8,success
509,paired,0.8,0.2,0.01,greater,cluster,with-replacement,251,553,553,2.2,success
510,paired,0.8,0.2,0.01,greater,cluster,without-replacement,251,553,357,2.2,success
511,paired,0.8,0.2,0.01,greater,systematic,with-replacement,251,251,251,1,success
512,paired,0.8,0.2,0.01,greater,systematic,without-replacement,251,251,201,1,success
513,paired,0.8,0.5,0.05,two.sided,simple,with-replacement,32,32,32,1,success
514,paired,0.8,0.5,0.05,two.sided,simple,without-replacement,32,32,32,1,success
515,paired,0.8,0.5,0.05,two.sided,stratified,with-replacement,32,26,26,0.8,success
516,paired,0.8,0.5,0.05,two.sided,stratified,without-replacement,32,26,26,0.8,success
517,paired,0.8,0.5,0.05,two.sided,cluster,with-replacement,32,71,71,2.2,success
518,paired,0.8,0.5,0.05,two.sided,cluster,without-replacement,32,71,67,2.2,success
519,paired,0.8,0.5,0.05,two.sided,systematic,with-replacement,32,32,32,1,success
520,paired,0.8,0.5,0.05,two.sided,systematic,without-replacement,32,32,32,1,success
521,paired,0.8,0.5,0.05,greater,simple,with-replacement,25,25,25,1,success
522,paired,0.8,0.5,0.05,greater,simple,without-replacement,25,25,25,1,success
523,paired,0.8,0.5,0.05,greater,stratified,with-replacement,25,20,20,0.8,success
524,paired,0.8,0.5,0.05,greater,stratified,without-replacement,25,20,20,0.8,success
525,paired,0.8,0.5,0.05,greater,cluster,with-replacement,25,56,56,2.2,success
526,paired,0.8,0.5,0.05,greater,cluster,without-replacement,25,56,54,2.2,success
527,paired,0.8,0.5,0.05,greater,systematic,with-replacement,25,25,25,1,success
528,paired,0.8,0.5,0.05,greater,systematic,without-replacement,25,25,25,1,success
529,paired,0.8,0.5,0.01,two.sided,simple,with-replacement,47,47,47,1,success
530,paired,0.8,0.5,0.01,two.sided,simple,without-replacement,47,47,45,1,success
531,paired,0.8,0.5,0.01,two.sided,stratified,with-replacement,47,38,38,0.8,success
532,paired,0.8,0.5,0.01,two.sided,stratified,without-replacement,47,38,37,0.8,success
533,paired,0.8,0.5,0.01,two.sided,cluster,with-replacement,47,104,104,2.2,success
534,paired,0.8,0.5,0.01,two.sided,cluster,without-replacement,47,104,95,2.2,success
535,paired,0.8,0.5,0.01,two.sided,systematic,with-replacement,47,47,47,1,success
536,paired,0.8,0.5,0.01,two.sided,systematic,without-replacement,47,47,45,1,success
537,paired,0.8,0.5,0.01,greater,simple,with-replacement,41,41,41,1,success
538,paired,0.8,0.5,0.01,greater,simple,without-replacement,41,41,40,1,success
539,paired,0.8,0.5,0.01,greater,stratified,with-replacement,41,33,33,0.8,success
540,paired,0.8,0.5,0.01,greater,stratified,without-replacement,41,33,32,0.8,success
541,paired,0.8,0.5,0.01,greater,cluster,with-replacement,41,91,91,2.2,success
542,paired,0.8,0.5,0.01,greater,cluster,without-replacement,41,91,84,2.2,success
543,paired,0.8,0.5,0.01,greater,systematic,with-replacement,41,41,41,1,success
544,paired,0.8,0.5,0.01,greater,systematic,without-replacement,41,41,40,1,success
545,paired,0.8,0.8,0.05,two.sided,simple,with-replacement,13,13,13,1,success
546,paired,0.8,0.8,0.05,two.sided,simple,without-replacement,13,13,13,1,success
547,paired,0.8,0.8,0.05,two.sided,stratified,with-replacement,13,11,11,0.8,success
548,paired,0.8,0.8,0.05,two.sided,stratified,without-replacement,13,11,11,0.8,success
549,paired,0.8,0.8,0.05,two.sided,cluster,with-replacement,13,29,29,2.2,success
550,paired,0.8,0.8,0.05,two.sided,cluster,without-replacement,13,29,29,2.2,success
551,paired,0.8,0.8,0.05,two.sided,systematic,with-replacement,13,13,13,1,success
552,paired,0.8,0.8,0.05,two.sided,systematic,without-replacement,13,13,13,1,success
553,paired,0.8,0.8,0.05,greater,simple,with-replacement,10,10,10,1,success
554,paired,0.8,0.8,0.05,greater,simple,without-replacement,10,10,10,1,success
555,paired,0.8,0.8,0.05,greater,stratified,with-replacement,10,8,8,0.8,success
556,paired,0.8,0.8,0.05,greater,stratified,without-replacement,10,8,8,0.8,success
557,paired,0.8,0.8,0.05,greater,cluster,with-replacement,10,22,22,2.2,success
558,paired,0.8,0.8,0.05,greater,cluster,without-replacement,10,22,22,2.2,success
559,paired,0.8,0.8,0.05,greater,systematic,with-replacement,10,10,10,1,success
560,paired,0.8,0.8,0.05,greater,systematic,without-replacement,10,10,10,1,success
561,paired,0.8,0.8,0.01,two.sided,simple,with-replacement,19,19,19,1,success
562,paired,0.8,0.8,0.01,two.sided,simple,without-replacement,19,19,19,1,success
563,paired,0.8,0.8,0.01,two.sided,stratified,with-replacement,19,16,16,0.8,success
564,paired,0.8,0.8,0.01,two.sided,stratified,without-replacement,19,16,16,0.8,success
565,paired,0.8,0.8,0.01,two.sided,cluster,with-replacement,19,42,42,2.2,success
566,paired,0.8,0.8,0.01,two.sided,cluster,without-replacement,19,42,41,2.2,success
567,paired,0.8,0.8,0.01,two.sided,systematic,with-replacement,19,19,19,1,success
568,paired,0.8,0.8,0.01,two.sided,systematic,without-replacement,19,19,19,1,success
569,paired,0.8,0.8,0.01,greater,simple,with-replacement,16,16,16,1,success
570,paired,0.8,0.8,0.01,greater,simple,without-replacement,16,16,16,1,success
571,paired,0.8,0.8,0.01,greater,stratified,with-replacement,16,13,13,0.8,success
572,paired,0.8,0.8,0.01,greater,stratified,without-replacement,16,13,13,0.8,success
573,paired,0.8,0.8,0.01,greater,cluster,with-replacement,16,36,36,2.2,success
574,paired,0.8,0.8,0.01,greater,cluster,without-replacement,16,36,35,2.2,success
575,paired,0.8,0.8,0.01,greater,systematic,with-replacement,16,16,16,1,success
576,paired,0.8,0.8,0.01,greater,systematic,without-replacement,16,16,16,1,success
577,two-sample,0.6,0.2,0.05,two.sided,simple,with-replacement,490,490,490,1,success
578,two-sample,0.6,0.2,0.05,two.sided,simple,without-replacement,490,490,329,1,success
579,two-sample,0.6,0.2,0.05,two.sided,stratified,with-replacement,490,392,392,0.8,success
580,two-sample,0.6,0.2,0.05,two.sided,stratified,without-replacement,490,392,282,0.8,success
581,two-sample,0.6,0.2,0.05,two.sided,cluster,with-replacement,490,1078,1078,2.2,success
582,two-sample,0.6,0.2,0.05,two.sided,cluster,without-replacement,490,1078,519,2.2,success
583,two-sample,0.6,0.2,0.05,two.sided,systematic,with-replacement,490,490,490,1,success
584,two-sample,0.6,0.2,0.05,two.sided,systematic,without-replacement,490,490,329,1,success
585,two-sample,0.6,0.2,0.05,greater,simple,with-replacement,362,362,362,1,success
586,two-sample,0.6,0.2,0.05,greater,simple,without-replacement,362,362,266,1,success
587,two-sample,0.6,0.2,0.05,greater,stratified,with-replacement,362,290,290,0.8,success
588,two-sample,0.6,0.2,0.05,greater,stratified,without-replacement,362,290,225,0.8,success
589,two-sample,0.6,0.2,0.05,greater,cluster,with-replacement,362,797,797,2.2,success
590,two-sample,0.6,0.2,0.05,greater,cluster,without-replacement,362,797,444,2.2,success
591,two-sample,0.6,0.2,0.05,greater,systematic,with-replacement,362,362,362,1,success
592,two-sample,0.6,0.2,0.05,greater,systematic,without-replacement,362,362,266,1,success
593,two-sample,0.6,0.2,0.01,two.sided,simple,with-replacement,802,802,802,1,success
594,two-sample,0.6,0.2,0.01,two.sided,simple,without-replacement,802,802,446,1,success
595,two-sample,0.6,0.2,0.01,two.sided,stratified,with-replacement,802,642,642,0.8,success
596,two-sample,0.6,0.2,0.01,two.sided,stratified,without-replacement,802,642,391,0.8,success
597,two-sample,0.6,0.2,0.01,two.sided,cluster,with-replacement,802,1765,1765,2.2,success
598,two-sample,0.6,0.2,0.01,two.sided,cluster,without-replacement,802,1765,639,2.2,success
599,two-sample,0.6,0.2,0.01,two.sided,systematic,with-replacement,802,802,802,1,success
600,two-sample,0.6,0.2,0.01,two.sided,systematic,without-replacement,802,802,446,1,success
601,two-sample,0.6,0.2,0.01,greater,simple,with-replacement,666,666,666,1,success
602,two-sample,0.6,0.2,0.01,greater,simple,without-replacement,666,666,400,1,success
603,two-sample,0.6,0.2,0.01,greater,stratified,with-replacement,666,533,533,0.8,success
604,two-sample,0.6,0.2,0.01,greater,stratified,without-replacement,666,533,348,0.8,success
605,two-sample,0.6,0.2,0.01,greater,cluster,with-replacement,666,1466,1466,2.2,success
606,two-sample,0.6,0.2,0.01,greater,cluster,without-replacement,666,1466,595,2.2,success
607,two-sample,0.6,0.2,0.01,greater,systematic,with-replacement,666,666,666,1,success
608,two-sample,0.6,0.2,0.01,greater,systematic,without-replacement,666,666,400,1,success
609,two-sample,0.6,0.5,0.05,two.sided,simple,with-replacement,80,80,80,1,success
610,two-sample,0.6,0.5,0.05,two.sided,simple,without-replacement,80,80,75,1,success
611,two-sample,0.6,0.5,0.05,two.sided,stratified,with-replacement,80,64,64,0.8,success
612,two-sample,0.6,0.5,0.05,two.sided,stratified,without-replacement,80,64,61,0.8,success
613,two-sample,0.6,0.5,0.05,two.sided,cluster,with-replacement,80,176,176,2.2,success
614,two-sample,0.6,0.5,0.05,two.sided,cluster,without-replacement,80,176,150,2.2,success
615,two-sample,0.6,0.5,0.05,two.sided,systematic,with-replacement,80,80,80,1,success
616,two-sample,0.6,0.5,0.05,two.sided,systematic,without-replacement,80,80,75,1,success
617,two-sample,0.6,0.5,0.05,greater,simple,with-replacement,58,58,58,1,success
618,two-sample,0.6,0.5,0.05,greater,simple,without-replacement,58,58,55,1,success
619,two-sample,0.6,0.5,0.05,greater,stratified,with-replacement,58,47,47,0.8,success
620,two-sample,0.6,0.5,0.05,greater,stratified,without-replacement,58,47,45,0.8,success
621,two-sample,0.6,0.5,0.05,greater,cluster,with-replacement,58,128,128,2.2,success
622,two-sample,0.6,0.5,0.05,greater,cluster,without-replacement,58,128,114,2.2,success
623,two-sample,0.6,0.5,0.05,greater,systematic,with-replacement,58,58,58,1,success
624,two-sample,0.6,0.5,0.05,greater,systematic,without-replacement,58,58,55,1,success
625,two-sample,0.6,0.5,0.01,two.sided,simple,with-replacement,130,130,130,1,success
626,two-sample,0.6,0.5,0.01,two.sided,simple,without-replacement,130,130,116,1,success
627,two-sample,0.6,0.5,0.01,two.sided,stratified,with-replacement,130,104,104,0.8,success
628,two-sample,0.6,0.5,0.01,two.sided,stratified,without-replacement,130,104,95,0.8,success
629,two-sample,0.6,0.5,0.01,two.sided,cluster,with-replacement,130,286,286,2.2,success
630,two-sample,0.6,0.5,0.01,two.sided,cluster,without-replacement,130,286,223,2.2,success
631,two-sample,0.6,0.5,0.01,two.sided,systematic,with-replacement,130,130,130,1,success
632,two-sample,0.6,0.5,0.01,two.sided,systematic,without-replacement,130,130,116,1,success
633,two-sample,0.6,0.5,0.01,greater,simple,with-replacement,108,108,108,1,success
634,two-sample,0.6,0.5,0.01,greater,simple,without-replacement,108,108,98,1,success
635,two-sample,0.6,0.5,0.01,greater,stratified,with-replacement,108,87,87,0.8,success
636,two-sample,0.6,0.5,0.01,greater,stratified,without-replacement,108,87,81,0.8,success
637,two-sample,0.6,0.5,0.01,greater,cluster,with-replacement,108,238,238,2.2,success
638,two-sample,0.6,0.5,0.01,greater,cluster,without-replacement,108,238,193,2.2,success
639,two-sample,0.6,0.5,0.01,greater,systematic,with-replacement,108,108,108,1,success
640,two-sample,0.6,0.5,0.01,greater,systematic,without-replacement,108,108,98,1,success
641,two-sample,0.6,0.8,0.05,two.sided,simple,with-replacement,32,32,32,1,success
642,two-sample,0.6,0.8,0.05,two.sided,simple,without-replacement,32,32,32,1,success
643,two-sample,0.6,0.8,0.05,two.sided,stratified,with-replacement,32,26,26,0.8,success
644,two-sample,0.6,0.8,0.05,two.sided,stratified,without-replacement,32,26,26,0.8,success
645,two-sample,0.6,0.8,0.05,two.sided,cluster,with-replacement,32,71,71,2.2,success
646,two-sample,0.6,0.8,0.05,two.sided,cluster,without-replacement,32,71,67,2.2,success
647,two-sample,0.6,0.8,0.05,two.sided,systematic,with-replacement,32,32,32,1,success
648,two-sample,0.6,0.8,0.05,two.sided,systematic,without-replacement,32,32,32,1,success
649,two-sample,0.6,0.8,0.05,greater,simple,with-replacement,24,24,24,1,success
650,two-sample,0.6,0.8,0.05,greater,simple,without-replacement,24,24,24,1,success
651,two-sample,0.6,0.8,0.05,greater,stratified,with-replacement,24,20,20,0.8,success
652,two-sample,0.6,0.8,0.05,greater,stratified,without-replacement,24,20,20,0.8,success
653,two-sample,0.6,0.8,0.05,greater,cluster,with-replacement,24,53,53,2.2,success
654,two-sample,0.6,0.8,0.05,greater,cluster,without-replacement,24,53,51,2.2,success
655,two-sample,0.6,0.8,0.05,greater,systematic,with-replacement,24,24,24,1,success
656,two-sample,0.6,0.8,0.05,greater,systematic,without-replacement,24,24,24,1,success
657,two-sample,0.6,0.8,0.01,two.sided,simple,with-replacement,52,52,52,1,success
658,two-sample,0.6,0.8,0.01,two.sided,simple,without-replacement,52,52,50,1,success
659,two-sample,0.6,0.8,0.01,two.sided,stratified,with-replacement,52,42,42,0.8,success
660,two-sample,0.6,0.8,0.01,two.sided,stratified,without-replacement,52,42,41,0.8,success
661,two-sample,0.6,0.8,0.01,two.sided,cluster,with-replacement,52,115,115,2.2,success
662,two-sample,0.6,0.8,0.01,two.sided,cluster,without-replacement,52,115,104,2.2,success
663,two-sample,0.6,0.8,0.01,two.sided,systematic,with-replacement,52,52,52,1,success
664,two-sample,0.6,0.8,0.01,two.sided,systematic,without-replacement,52,52,50,1,success
665,two-sample,0.6,0.8,0.01,greater,simple,with-replacement,42,42,42,1,success
666,two-sample,0.6,0.8,0.01,greater,simple,without-replacement,42,42,41,1,success
667,two-sample,0.6,0.8,0.01,greater,stratified,with-replacement,42,34,34,0.8,success
668,two-sample,0.6,0.8,0.01,greater,stratified,without-replacement,42,34,33,0.8,success
669,two-sample,0.6,0.8,0.01,greater,cluster,with-replacement,42,93,93,2.2,success
670,two-sample,0.6,0.8,0.01,greater,cluster,without-replacement,42,93,86,2.2,success
671,two-sample,0.6,0.8,0.01,greater,systematic,with-replacement,42,42,42,1,success
672,two-sample,0.6,0.8,0.01,greater,systematic,without-replacement,42,42,41,1,success
673,two-sample,0.7,0.2,0.05,two.sided,simple,with-replacement,618,618,618,1,success
674,two-sample,0.7,0.2,0.05,two.sided,simple,without-replacement,618,618,382,1,success
675,two-sample,0.7,0.2,0.05,two.sided,stratified,with-replacement,618,495,495,0.8,success
676,two-sample,0.7,0.2,0.05,two.sided,stratified,without-replacement,618,495,332,0.8,success
677,two-sample,0.7,0.2,0.05,two.sided,cluster,with-replacement,618,1360,1360,2.2,success
678,two-sample,0.7,0.2,0.05,two.sided,cluster,without-replacement,618,1360,577,2.2,success
679,two-sample,0.7,0.2,0.05,two.sided,systematic,with-replacement,618,618,618,1,success
680,two-sample,0.7,0.2,0.05,two.sided,systematic,without-replacement,618,618,382,1,success
681,two-sample,0.7,0.2,0.05,greater,simple,with-replacement,472,472,472,1,success
682,two-sample,0.7,0.2,0.05,greater,simple,without-replacement,472,472,321,1,success
683,two-sample,0.7,0.2,0.05,greater,stratified,with-replacement,472,378,378,0.8,success
684,two-sample,0.7,0.2,0.05,greater,stratified,without-replacement,472,378,275,0.8,success
685,two-sample,0.7,0.2,0.05,greater,cluster,with-replacement,472,1039,1039,2.2,success
686,two-sample,0.7,0.2,0.05,greater,cluster,without-replacement,472,1039,510,2.2,success
687,two-sample,0.7,0.2,0.05,greater,systematic,with-replacement,472,472,472,1,success
688,two-sample,0.7,0.2,0.05,greater,systematic,without-replacement,472,472,321,1,success
689,two-sample,0.7,0.2,0.01,two.sided,simple,with-replacement,962,962,962,1,success
690,two-sample,0.7,0.2,0.01,two.sided,simple,without-replacement,962,962,491,1,success
691,two-sample,0.7,0.2,0.01,two.sided,stratified,with-replacement,962,770,770,0.8,success
692,two-sample,0.7,0.2,0.01,two.sided,stratified,without-replacement,962,770,436,0.8,success
693,two-sample,0.7,0.2,0.01,two.sided,cluster,with-replacement,962,2117,2117,2.2,success
694,two-sample,0.7,0.2,0.01,two.sided,cluster,without-replacement,962,2117,680,2.2,success
695,two-sample,0.7,0.2,0.01,two.sided,systematic,with-replacement,962,962,962,1,success
696,two-sample,0.7,0.2,0.01,two.sided,systematic,without-replacement,962,962,491,1,success
697,two-sample,0.7,0.2,0.01,greater,simple,with-replacement,814,814,814,1,success
698,two-sample,0.7,0.2,0.01,greater,simple,without-replacement,814,814,449,1,success
699,two-sample,0.7,0.2,0.01,greater,stratified,with-replacement,814,652,652,0.8,success
700,two-sample,0.7,0.2,0.01,greater,stratified,without-replacement,814,652,395,0.8,success
701,two-sample,0.7,0.2,0.01,greater,cluster,with-replacement,814,1791,1791,2.2,success
702,two-sample,0.7,0.2,0.01,greater,cluster,without-replacement,814,1791,642,2.2,success
703,two-sample,0.7,0.2,0.01,greater,systematic,with-replacement,814,814,814,1,success
704,two-sample,0.7,0.2,0.01,greater,systematic,without-replacement,814,814,449,1,success
705,two-sample,0.7,0.5,0.05,two.sided,simple,with-replacement,100,100,100,1,success
706,two-sample,0.7,0.5,0.05,two.sided,simple,without-replacement,100,100,91,1,success
707,two-sample,0.7,0.5,0.05,two.sided,stratified,with-replacement,100,80,80,0.8,success
708,two-sample,0.7,0.5,0.05,two.sided,stratified,without-replacement,100,80,75,0.8,success
709,two-sample,0.7,0.5,0.05,two.sided,cluster,with-replacement,100,221,221,2.2,success
710,two-sample,0.7,0.5,0.05,two.sided,cluster,without-replacement,100,221,181,2.2,success
711,two-sample,0.7,0.5,0.05,two.sided,systematic,with-replacement,100,100,100,1,success
712,two-sample,0.7,0.5,0.05,two.sided,systematic,without-replacement,100,100,91,1,success
713,two-sample,0.7,0.5,0.05,greater,simple,with-replacement,76,76,76,1,success
714,two-sample,0.7,0.5,0.05,greater,simple,without-replacement,76,76,71,1,success
715,two-sample,0.7,0.5,0.05,greater,stratified,with-replacement,76,61,61,0.8,success
716,two-sample,0.7,0.5,0.05,greater,stratified,without-replacement,76,61,58,0.8,success
717,two-sample,0.7,0.5,0.05,greater,cluster,with-replacement,76,168,168,2.2,success
718,two-sample,0.7,0.5,0.05,greater,cluster,without-replacement,76,168,144,2.2,success
719,two-sample,0.7,0.5,0.05,greater,systematic,with-replacement,76,76,76,1,success
720,two-sample,0.7,0.5,0.05,greater,systematic,without-replacement,76,76,71,1,success
721,two-sample,0.7,0.5,0.01,two.sided,simple,with-replacement,154,154,154,1,success
722,two-sample,0.7,0.5,0.01,two.sided,simple,without-replacement,154,154,134,1,success
723,two-sample,0.7,0.5,0.01,two.sided,stratified,with-replacement,154,124,124,0.8,success
724,two-sample,0.7,0.5,0.01,two.sided,stratified,without-replacement,154,124,111,0.8,success
725,two-sample,0.7,0.5,0.01,two.sided,cluster,with-replacement,154,339,339,2.2,success
726,two-sample,0.7,0.5,0.01,two.sided,cluster,without-replacement,154,339,254,2.2,success
727,two-sample,0.7,0.5,0.01,two.sided,systematic,with-replacement,154,154,154,1,success
728,two-sample,0.7,0.5,0.01,two.sided,systematic,without-replacement,154,154,134,1,success
729,two-sample,0.7,0.5,0.01,greater,simple,with-replacement,132,132,132,1,success
730,two-sample,0.7,0.5,0.01,greater,simple,without-replacement,132,132,117,1,success
731,two-sample,0.7,0.5,0.01,greater,stratified,with-replacement,132,106,106,0.8,success
732,two-sample,0.7,0.5,0.01,greater,stratified,without-replacement,132,106,96,0.8,success
733,two-sample,0.7,0.5,0.01,greater,cluster,with-replacement,132,291,291,2.2,success
734,two-sample,0.7,0.5,0.01,greater,cluster,without-replacement,132,291,226,2.2,success
735,two-sample,0.7,0.5,0.01,greater,systematic,with-replacement,132,132,132,1,success
736,two-sample,0.7,0.5,0.01,greater,systematic,without-replacement,132,132,117,1,success
737,two-sample,0.7,0.8,0.05,two.sided,simple,with-replacement,40,40,40,1,success
738,two-sample,0.7,0.8,0.05,two.sided,simple,without-replacement,40,40,39,1,success
739,two-sample,0.7,0.8,0.05,two.sided,stratified,with-replacement,40,32,32,0.8,success
740,two-sample,0.7,0.8,0.05,two.sided,stratified,without-replacement,40,32,32,0.8,success
741,two-sample,0.7,0.8,0.05,two.sided,cluster,with-replacement,40,88,88,2.2,success
742,two-sample,0.7,0.8,0.05,two.sided,cluster,without-replacement,40,88,81,2.2,success
743,two-sample,0.7,0.8,0.05,two.sided,systematic,with-replacement,40,40,40,1,success
744,two-sample,0.7,0.8,0.05,two.sided,systematic,without-replacement,40,40,39,1,success
745,two-sample,0.7,0.8,0.05,greater,simple,with-replacement,30,30,30,1,success
746,two-sample,0.7,0.8,0.05,greater,simple,without-replacement,30,30,30,1,success
747,two-sample,0.7,0.8,0.05,greater,stratified,with-replacement,30,24,24,0.8,success
748,two-sample,0.7,0.8,0.05,greater,stratified,without-replacement,30,24,24,0.8,success
749,two-sample,0.7,0.8,0.05,greater,cluster,with-replacement,30,66,66,2.2,success
750,two-sample,0.7,0.8,0.05,greater,cluster,without-replacement,30,66,62,2.2,success
751,two-sample,0.7,0.8,0.05,greater,systematic,with-replacement,30,30,30,1,success
752,two-sample,0.7,0.8,0.05,greater,systematic,without-replacement,30,30,30,1,success
753,two-sample,0.7,0.8,0.01,two.sided,simple,with-replacement,62,62,62,1,success
754,two-sample,0.7,0.8,0.01,two.sided,simple,without-replacement,62,62,59,1,success
755,two-sample,0.7,0.8,0.01,two.sided,stratified,with-replacement,62,50,50,0.8,success
756,two-sample,0.7,0.8,0.01,two.sided,stratified,without-replacement,62,50,48,0.8,success
757,two-sample,0.7,0.8,0.01,two.sided,cluster,with-replacement,62,137,137,2.2,success
758,two-sample,0.7,0.8,0.01,two.sided,cluster,without-replacement,62,137,121,2.2,success
759,two-sample,0.7,0.8,0.01,two.sided,systematic,with-replacement,62,62,62,1,success
760,two-sample,0.7,0.8,0.01,two.sided,systematic,without-replacement,62,62,59,1,success
761,two-sample,0.7,0.8,0.01,greater,simple,with-replacement,52,52,52,1,success
762,two-sample,0.7,0.8,0.01,greater,simple,without-replacement,52,52,50,1,success
763,two-sample,0.7,0.8,0.01,greater,stratified,with-replacement,52,42,42,0.8,success
764,two-sample,0.7,0.8,0.01,greater,stratified,without-replacement,52,42,41,0.8,success
765,two-sample,0.7,0.8,0.01,greater,cluster,with-replacement,52,115,115,2.2,success
766,two-sample,0.7,0.8,0.01,greater,cluster,without-replacement,52,115,104,2.2,success
767,two-sample,0.7,0.8,0.01,greater,systematic,with-replacement,52,52,52,1,success
768,two-sample,0.7,0.8,0.01,greater,systematic,without-replacement,52,52,50,1,success
769,two-sample,0.8,0.2,0.05,two.sided,simple,with-replacement,786,786,786,1,success
770,two-sample,0.8,0.2,0.05,two.sided,simple,without-replacement,786,786,441,1,success
771,two-sample,0.8,0.2,0.05,two.sided,stratified,with-replacement,786,629,629,0.8,success
772,two-sample,0.8,0.2,0.05,two.sided,stratified,without-replacement,786,629,387,0.8,success
773,two-sample,0.8,0.2,0.05,two.sided,cluster,with-replacement,786,1730,1730,2.2,success
774,two-sample,0.8,0.2,0.05,two.sided,cluster,without-replacement,786,1730,634,2.2,success
775,two-sample,0.8,0.2,0.05,two.sided,systematic,with-replacement,786,786,786,1,success
776,two-sample,0.8,0.2,0.05,two.sided,systematic,without-replacement,786,786,441,1,success
777,two-sample,0.8,0.2,0.05,greater,simple,with-replacement,620,620,620,1,success
778,two-sample,0.8,0.2,0.05,greater,simple,without-replacement,620,620,383,1,success
779,two-sample,0.8,0.2,0.05,greater,stratified,with-replacement,620,496,496,0.8,success
780,two-sample,0.8,0.2,0.05,greater,stratified,without-replacement,620,496,332,0.8,success
781,two-sample,0.8,0.2,0.05,greater,cluster,with-replacement,620,1364,1364,2.2,success
782,two-sample,0.8,0.2,0.05,greater,cluster,without-replacement,620,1364,577,2.2,success
783,two-sample,0.8,0.2,0.05,greater,systematic,with-replacement,620,620,620,1,success
784,two-sample,0.8,0.2,0.05,greater,systematic,without-replacement,620,620,383,1,success
785,two-sample,0.8,0.2,0.01,two.sided,simple,with-replacement,1168,1168,1168,1,success
786,two-sample,0.8,0.2,0.01,two.sided,simple,without-replacement,1168,1168,539,1,success
787,two-sample,0.8,0.2,0.01,two.sided,stratified,with-replacement,1168,935,935,0.8,success
788,two-sample,0.8,0.2,0.01,two.sided,stratified,without-replacement,1168,935,484,0.8,success
789,two-sample,0.8,0.2,0.01,two.sided,cluster,with-replacement,1168,2570,2570,2.2,success
790,two-sample,0.8,0.2,0.01,two.sided,cluster,without-replacement,1168,2570,720,2.2,success
791,two-sample,0.8,0.2,0.01,two.sided,systematic,with-replacement,1168,1168,1168,1,success
792,two-sample,0.8,0.2,0.01,two.sided,systematic,without-replacement,1168,1168,539,1,success
793,two-sample,0.8,0.2,0.01,greater,simple,with-replacement,1004,1004,1004,1,success
794,two-sample,0.8,0.2,0.01,greater,simple,without-replacement,1004,1004,501,1,success
795,two-sample,0.8,0.2,0.01,greater,stratified,with-replacement,1004,804,804,0.8,success
796,two-sample,0.8,0.2,0.01,greater,stratified,without-replacement,1004,804,446,0.8,success
797,two-sample,0.8,0.2,0.01,greater,cluster,with-replacement,1004,2209,2209,2.2,success
798,two-sample,0.8,0.2,0.01,greater,cluster,without-replacement,1004,2209,689,2.2,success
799,two-sample,0.8,0.2,0.01,greater,systematic,with-replacement,1004,1004,1004,1,success
800,two-sample,0.8,0.2,0.01,greater,systematic,without-replacement,1004,1004,501,1,success
801,two-sample,0.8,0.5,0.05,two.sided,simple,with-replacement,126,126,126,1,success
802,two-sample,0.8,0.5,0.05,two.sided,simple,without-replacement,126,126,112,1,success
803,two-sample,0.8,0.5,0.05,two.sided,stratified,with-replacement,126,101,101,0.8,success
804,two-sample,0.8,0.5,0.05,two.sided,stratified,without-replacement,126,101,92,0.8,success
805,two-sample,0.8,0.5,0.05,two.sided,cluster,with-replacement,126,278,278,2.2,success
806,two-sample,0.8,0.5,0.05,two.sided,cluster,without-replacement,126,278,218,2.2,success
807,two-sample,0.8,0.5,0.05,two.sided,systematic,with-replacement,126,126,126,1,success
808,two-sample,0.8,0.5,0.05,two.sided,systematic,without-replacement,126,126,112,1,success
809,two-sample,0.8,0.5,0.05,greater,simple,with-replacement,100,100,100,1,success
810,two-sample,0.8,0.5,0.05,greater,simple,without-replacement,100,100,91,1,success
811,two-sample,0.8,0.5,0.05,greater,stratified,with-replacement,100,80,80,0.8,success
812,two-sample,0.8,0.5,0.05,greater,stratified,without-replacement,100,80,75,0.8,success
813,two-sample,0.8,0.5,0.05,greater,cluster,with-replacement,100,221,221,2.2,success
814,two-sample,0.8,0.5,0.05,greater,cluster,without-replacement,100,221,181,2.2,success
815,two-sample,0.8,0.5,0.05,greater,systematic,with-replacement,100,100,100,1,success
816,two-sample,0.8,0.5,0.05,greater,systematic,without-replacement,100,100,91,1,success
817,two-sample,0.8,0.5,0.01,two.sided,simple,with-replacement,188,188,188,1,success
818,two-sample,0.8,0.5,0.01,two.sided,simple,without-replacement,188,188,159,1,success
819,two-sample,0.8,0.5,0.01,two.sided,stratified,with-replacement,188,151,151,0.8,success
820,two-sample,0.8,0.5,0.01,two.sided,stratified,without-replacement,188,151,132,0.8,success
821,two-sample,0.8,0.5,0.01,two.sided,cluster,with-replacement,188,414,414,2.2,success
822,two-sample,0.8,0.5,0.01,two.sided,cluster,without-replacement,188,414,293,2.2,success
823,two-sample,0.8,0.5,0.01,two.sided,systematic,with-replacement,188,188,188,1,success
824,two-sample,0.8,0.5,0.01,two.sided,systematic,without-replacement,188,188,159,1,success
825,two-sample,0.8,0.5,0.01,greater,simple,with-replacement,162,162,162,1,success
826,two-sample,0.8,0.5,0.01,greater,simple,without-replacement,162,162,140,1,success
827,two-sample,0.8,0.5,0.01,greater,stratified,with-replacement,162,130,130,0.8,success
828,two-sample,0.8,0.5,0.01,greater,stratified,without-replacement,162,130,116,0.8,success
829,two-sample,0.8,0.5,0.01,greater,cluster,with-replacement,162,357,357,2.2,success
830,two-sample,0.8,0.5,0.01,greater,cluster,without-replacement,162,357,264,2.2,success
831,two-sample,0.8,0.5,0.01,greater,systematic,with-replacement,162,162,162,1,success
832,two-sample,0.8,0.5,0.01,greater,systematic,without-replacement,162,162,140,1,success
833,two-sample,0.8,0.8,0.05,two.sided,simple,with-replacement,50,50,50,1,success
834,two-sample,0.8,0.8,0.05,two.sided,simple,without-replacement,50,50,48,1,success
835,two-sample,0.8,0.8,0.05,two.sided,stratified,with-replacement,50,40,40,0.8,success
836,two-sample,0.8,0.8,0.05,two.sided,stratified,without-replacement,50,40,39,0.8,success
837,two-sample,0.8,0.8,0.05,two.sided,cluster,with-replacement,50,111,111,2.2,success
838,two-sample,0.8,0.8,0.05,two.sided,cluster,without-replacement,50,111,100,2.2,success
839,two-sample,0.8,0.8,0.05,two.sided,systematic,with-replacement,50,50,50,1,success
840,two-sample,0.8,0.8,0.05,two.sided,systematic,without-replacement,50,50,48,1,success
841,two-sample,0.8,0.8,0.05,greater,simple,with-replacement,40,40,40,1,success
842,two-sample,0.8,0.8,0.05,greater,simple,without-replacement,40,40,39,1,success
843,two-sample,0.8,0.8,0.05,greater,stratified,with-replacement,40,32,32,0.8,success
844,two-sample,0.8,0.8,0.05,greater,stratified,without-replacement,40,32,32,0.8,success
845,two-sample,0.8,0.8,0.05,greater,cluster,with-replacement,40,88,88,2.2,success
846,two-sample,0.8,0.8,0.05,greater,cluster,without-replacement,40,88,81,2.2,success
847,two-sample,0.8,0.8,0.05,greater,systematic,with-replacement,40,40,40,1,success
848,two-sample,0.8,0.8,0.05,greater,systematic,without-replacement,40,40,39,1,success
849,two-sample,0.8,0.8,0.01,two.sided,simple,with-replacement,74,74,74,1,success
850,two-sample,0.8,0.8,0.01,two.sided,simple,without-replacement,74,74,69,1,success
851,two-sample,0.8,0.8,0.01,two.sided,stratified,with-replacement,74,60,60,0.8,success
852,two-sample,0.8,0.8,0.01,two.sided,stratified,without-replacement,74,60,57,0.8,success
853,two-sample,0.8,0.8,0.01,two.sided,cluster,with-replacement,74,163,163,2.2,success
854,two-sample,0.8,0.8,0.01,two.sided,cluster,without-replacement,74,163,141,2.2,success
855,two-sample,0.8,0.8,0.01,two.sided,systematic,with-replacement,74,74,74,1,success
856,two-sample,0.8,0.8,0.01,two.sided,systematic,without-replacement,74,74,69,1,success
857,two-sample,0.8,0.8,0.01,greater,simple,with-replacement,64,64,64,1,success
858,two-sample,0.8,0.8,0.01,greater,simple,without-replacement,64,64,61,1,success
859,two-sample,0.8,0.8,0.01,greater,stratified,with-replacement,64,52,52,0.8,success
860,two-sample,0.8,0.8,0.01,greater,stratified,without-replacement,64,52,50,0.8,success
861,two-sample,0.8,0.8,0.01,greater,cluster,with-replacement,64,141,141,2.2,success
862,two-sample,0.8,0.8,0.01,greater,cluster,without-replacement,64,141,124,2.2,success
863,two-sample,0.8,0.8,0.01,greater,systematic,with-replacement,64,64,64,1,success
864,two-sample,0.8,0.8,0.01,greater,systematic,without-replacement,64,64,61,1,success